{
  "hash": "c88a5da2",
  "configHash": "9575db25",
  "lockfileHash": "5f2ef5d7",
  "browserHash": "d69237db",
  "optimized": {
    "@angular/common": {
      "src": "../../../../../../node_modules/@angular/common/fesm2022/common.mjs",
      "file": "@angular_common.js",
      "fileHash": "212a3e58",
      "needsInterop": false
    },
    "@angular/common/http": {
      "src": "../../../../../../node_modules/@angular/common/fesm2022/http.mjs",
      "file": "@angular_common_http.js",
      "fileHash": "151db09c",
      "needsInterop": false
    },
    "@angular/core": {
      "src": "../../../../../../node_modules/@angular/core/fesm2022/core.mjs",
      "file": "@angular_core.js",
      "fileHash": "03443f4a",
      "needsInterop": false
    },
    "@angular/forms": {
      "src": "../../../../../../node_modules/@angular/forms/fesm2022/forms.mjs",
      "file": "@angular_forms.js",
      "fileHash": "323aa637",
      "needsInterop": false
    },
    "@angular/platform-browser": {
      "src": "../../../../../../node_modules/@angular/platform-browser/fesm2022/platform-browser.mjs",
      "file": "@angular_platform-browser.js",
      "fileHash": "718026e9",
      "needsInterop": false
    },
    "@angular/platform-browser/animations/async": {
      "src": "../../../../../../node_modules/@angular/platform-browser/fesm2022/animations/async.mjs",
      "file": "@angular_platform-browser_animations_async.js",
      "fileHash": "aa433304",
      "needsInterop": false
    },
    "@angular/router": {
      "src": "../../../../../../node_modules/@angular/router/fesm2022/router.mjs",
      "file": "@angular_router.js",
      "fileHash": "0ea17dee",
      "needsInterop": false
    },
    "chart.js/auto": {
      "src": "../../../../../../node_modules/chart.js/auto/auto.js",
      "file": "chart__js_auto.js",
      "fileHash": "87fdd49c",
      "needsInterop": false
    },
    "primeng/api": {
      "src": "../../../../../../node_modules/primeng/fesm2022/primeng-api.mjs",
      "file": "primeng_api.js",
      "fileHash": "9eddaff4",
      "needsInterop": false
    },
    "primeng/avatar": {
      "src": "../../../../../../node_modules/primeng/fesm2022/primeng-avatar.mjs",
      "file": "primeng_avatar.js",
      "fileHash": "dd47b58b",
      "needsInterop": false
    },
    "primeng/button": {
      "src": "../../../../../../node_modules/primeng/fesm2022/primeng-button.mjs",
      "file": "primeng_button.js",
      "fileHash": "52e94dbc",
      "needsInterop": false
    },
    "primeng/config": {
      "src": "../../../../../../node_modules/primeng/fesm2022/primeng-config.mjs",
      "file": "primeng_config.js",
      "fileHash": "459e3358",
      "needsInterop": false
    },
    "primeng/drawer": {
      "src": "../../../../../../node_modules/primeng/fesm2022/primeng-drawer.mjs",
      "file": "primeng_drawer.js",
      "fileHash": "567d77d8",
      "needsInterop": false
    },
    "primeng/ripple": {
      "src": "../../../../../../node_modules/primeng/fesm2022/primeng-ripple.mjs",
      "file": "primeng_ripple.js",
      "fileHash": "3a4fbe95",
      "needsInterop": false
    },
    "primeng/styleclass": {
      "src": "../../../../../../node_modules/primeng/fesm2022/primeng-styleclass.mjs",
      "file": "primeng_styleclass.js",
      "fileHash": "1cc8c8d1",
      "needsInterop": false
    },
    "rxjs": {
      "src": "../../../../../../node_modules/rxjs/dist/esm5/index.js",
      "file": "rxjs.js",
      "fileHash": "404ee5b5",
      "needsInterop": false
    },
    "rxjs/operators": {
      "src": "../../../../../../node_modules/rxjs/dist/esm5/operators/index.js",
      "file": "rxjs_operators.js",
      "fileHash": "6da0292b",
      "needsInterop": false
    }
  },
  "chunks": {
    "browser-QHMCGUR7": {
      "file": "browser-QHMCGUR7.js"
    },
    "chunk-NVJUYDVV": {
      "file": "chunk-NVJUYDVV.js"
    },
    "chunk-OFJXRMGS": {
      "file": "chunk-OFJXRMGS.js"
    },
    "chunk-JFGFSEXV": {
      "file": "chunk-JFGFSEXV.js"
    },
    "chunk-A43WB6HA": {
      "file": "chunk-A43WB6HA.js"
    },
    "chunk-FFE2B34U": {
      "file": "chunk-FFE2B34U.js"
    },
    "chunk-JVFHLSO3": {
      "file": "chunk-JVFHLSO3.js"
    },
    "chunk-IQLKZRQ4": {
      "file": "chunk-IQLKZRQ4.js"
    },
    "chunk-AIYP2IWR": {
      "file": "chunk-AIYP2IWR.js"
    },
    "chunk-NTOGRT2P": {
      "file": "chunk-NTOGRT2P.js"
    },
    "chunk-REBW6CQF": {
      "file": "chunk-REBW6CQF.js"
    },
    "chunk-6NWCHYE3": {
      "file": "chunk-6NWCHYE3.js"
    },
    "chunk-2MBKP3H7": {
      "file": "chunk-2MBKP3H7.js"
    },
    "chunk-TOF6LNKI": {
      "file": "chunk-TOF6LNKI.js"
    },
    "chunk-WPM5VTLQ": {
      "file": "chunk-WPM5VTLQ.js"
    },
    "chunk-PEBH6BBU": {
      "file": "chunk-PEBH6BBU.js"
    },
    "chunk-4S3KYZTJ": {
      "file": "chunk-4S3KYZTJ.js"
    },
    "chunk-WDMUDEB6": {
      "file": "chunk-WDMUDEB6.js"
    }
  }
}